object_id,model_score,quality_score,is_critical,baseline_action,fuzzyxai_action,chi_R_crit,chi_Auto,reason
hybrid_0000,0.82,0.22,true,accept,block,1,false,high_confidence_low_quality
hybrid_0001,0.817,0.229,true,accept,block,1,false,high_confidence_low_quality
hybrid_0002,0.814,0.238,true,accept,block,1,false,high_confidence_low_quality
hybrid_0003,0.811,0.247,true,accept,block,1,false,high_confidence_low_quality
hybrid_0004,0.808,0.256,true,accept,block,1,false,high_confidence_low_quality
hybrid_0005,0.805,0.265,true,accept,block,1,false,high_confidence_low_quality
hybrid_0006,0.802,0.274,true,accept,block,1,false,high_confidence_low_quality
hybrid_0007,0.799,0.283,true,accept,block,1,false,high_confidence_low_quality
hybrid_0008,0.796,0.292,true,accept,block,1,false,high_confidence_low_quality
hybrid_0009,0.793,0.301,true,accept,block,1,false,high_confidence_low_quality
hybrid_0010,0.79,0.31,true,accept,block,1,false,high_confidence_low_quality
hybrid_0011,0.787,0.319,true,accept,block,1,false,high_confidence_low_quality
hybrid_0012,0.784,0.328,true,accept,block,1,false,high_confidence_low_quality
hybrid_0013,0.781,0.337,true,accept,block,1,false,high_confidence_low_quality
hybrid_0014,0.778,0.346,true,accept,block,1,false,high_confidence_low_quality
hybrid_0015,0.775,0.355,true,accept,block,1,false,high_confidence_low_quality
hybrid_0016,0.772,0.364,true,accept,block,1,false,high_confidence_low_quality
hybrid_0017,0.82,0.373,true,accept,block,1,false,high_confidence_low_quality
hybrid_0018,0.817,0.382,true,accept,block,1,false,high_confidence_low_quality
hybrid_0019,0.814,0.391,true,accept,block,1,false,high_confidence_low_quality
hybrid_0020,0.811,0.4,true,accept,block,1,false,high_confidence_low_quality
hybrid_0021,0.808,0.409,true,accept,block,1,false,high_confidence_low_quality
hybrid_0022,0.805,0.418,true,accept,block,1,false,high_confidence_low_quality
hybrid_0023,0.802,0.22,true,accept,block,1,false,high_confidence_low_quality
hybrid_0024,0.799,0.229,true,accept,block,1,false,high_confidence_low_quality
hybrid_0025,0.796,0.238,true,accept,block,1,false,high_confidence_low_quality
hybrid_0026,0.793,0.247,true,accept,block,1,false,high_confidence_low_quality
hybrid_0027,0.79,0.256,true,accept,block,1,false,high_confidence_low_quality
hybrid_0028,0.787,0.265,true,accept,block,1,false,high_confidence_low_quality
hybrid_0029,0.784,0.274,true,accept,block,1,false,high_confidence_low_quality
hybrid_0030,0.781,0.283,true,accept,block,1,false,high_confidence_low_quality
hybrid_0031,0.778,0.292,true,accept,block,1,false,high_confidence_low_quality
hybrid_0032,0.775,0.301,true,accept,block,1,false,high_confidence_low_quality
hybrid_0033,0.772,0.31,true,accept,block,1,false,high_confidence_low_quality
hybrid_0034,0.82,0.319,true,accept,block,1,false,high_confidence_low_quality
hybrid_0035,0.817,0.328,true,accept,block,1,false,high_confidence_low_quality
hybrid_0036,0.814,0.337,true,accept,block,1,false,high_confidence_low_quality
hybrid_0037,0.811,0.346,true,accept,block,1,false,high_confidence_low_quality
hybrid_0038,0.808,0.355,true,accept,block,1,false,high_confidence_low_quality
hybrid_0039,0.805,0.364,true,accept,block,1,false,high_confidence_low_quality
hybrid_0040,0.802,0.373,true,accept,block,1,false,high_confidence_low_quality
hybrid_0041,0.799,0.382,true,accept,block,1,false,high_confidence_low_quality
hybrid_0042,0.796,0.391,true,accept,block,1,false,high_confidence_low_quality
hybrid_0043,0.793,0.4,true,accept,block,1,false,high_confidence_low_quality
hybrid_0044,0.79,0.409,true,accept,block,1,false,high_confidence_low_quality
hybrid_0045,0.787,0.418,true,accept,block,1,false,high_confidence_low_quality
hybrid_0046,0.784,0.22,true,accept,block,1,false,high_confidence_low_quality
hybrid_0047,0.781,0.229,true,accept,block,1,false,high_confidence_low_quality
hybrid_0048,0.778,0.238,true,accept,block,1,false,high_confidence_low_quality
hybrid_0049,0.775,0.247,true,accept,block,1,false,high_confidence_low_quality
hybrid_0050,0.772,0.256,true,accept,block,1,false,high_confidence_low_quality
hybrid_0051,0.82,0.265,true,accept,block,1,false,high_confidence_low_quality
hybrid_0052,0.817,0.274,true,accept,block,1,false,high_confidence_low_quality
hybrid_0053,0.814,0.283,true,accept,block,1,false,high_confidence_low_quality
hybrid_0054,0.811,0.292,true,accept,block,1,false,high_confidence_low_quality
hybrid_0055,0.808,0.301,true,accept,block,1,false,high_confidence_low_quality
hybrid_0056,0.805,0.31,true,accept,block,1,false,high_confidence_low_quality
hybrid_0057,0.802,0.319,true,accept,block,1,false,high_confidence_low_quality
hybrid_0058,0.799,0.328,true,accept,block,1,false,high_confidence_low_quality
hybrid_0059,0.796,0.337,true,accept,block,1,false,high_confidence_low_quality
hybrid_0060,0.793,0.346,true,accept,block,1,false,high_confidence_low_quality
hybrid_0061,0.79,0.355,true,accept,block,1,false,high_confidence_low_quality
hybrid_0062,0.787,0.364,true,accept,block,1,false,high_confidence_low_quality
hybrid_0063,0.784,0.373,true,accept,block,1,false,high_confidence_low_quality
hybrid_0064,0.781,0.382,true,accept,block,1,false,high_confidence_low_quality
hybrid_0065,0.778,0.391,true,accept,block,1,false,high_confidence_low_quality
hybrid_0066,0.775,0.4,true,accept,block,1,false,high_confidence_low_quality
hybrid_0067,0.772,0.409,true,accept,block,1,false,high_confidence_low_quality
hybrid_0068,0.82,0.418,true,accept,block,1,false,high_confidence_low_quality
hybrid_0069,0.817,0.22,true,accept,block,1,false,high_confidence_low_quality
hybrid_0070,0.814,0.229,true,accept,block,1,false,high_confidence_low_quality
hybrid_0071,0.811,0.238,true,accept,block,1,false,high_confidence_low_quality
hybrid_0072,0.808,0.247,true,accept,block,1,false,high_confidence_low_quality
hybrid_0073,0.805,0.256,true,accept,block,1,false,high_confidence_low_quality
hybrid_0074,0.802,0.265,true,accept,block,1,false,high_confidence_low_quality
hybrid_0075,0.799,0.274,true,accept,block,1,false,high_confidence_low_quality
hybrid_0076,0.796,0.283,true,accept,block,1,false,high_confidence_low_quality
hybrid_0077,0.793,0.292,true,accept,block,1,false,high_confidence_low_quality
hybrid_0078,0.79,0.301,true,accept,block,1,false,high_confidence_low_quality
hybrid_0079,0.787,0.31,true,accept,block,1,false,high_confidence_low_quality
hybrid_0080,0.784,0.319,true,accept,block,1,false,high_confidence_low_quality
hybrid_0081,0.781,0.328,true,accept,block,1,false,high_confidence_low_quality
hybrid_0082,0.778,0.337,true,accept,block,1,false,high_confidence_low_quality
hybrid_0083,0.775,0.346,true,accept,block,1,false,high_confidence_low_quality
hybrid_0084,0.772,0.355,true,accept,block,1,false,high_confidence_low_quality
hybrid_0085,0.82,0.364,true,accept,block,1,false,high_confidence_low_quality
hybrid_0086,0.817,0.373,true,accept,block,1,false,high_confidence_low_quality
hybrid_0087,0.814,0.382,true,accept,block,1,false,high_confidence_low_quality
hybrid_0088,0.811,0.391,true,accept,block,1,false,high_confidence_low_quality
hybrid_0089,0.808,0.4,true,accept,block,1,false,high_confidence_low_quality
hybrid_0090,0.805,0.409,true,accept,block,1,false,high_confidence_low_quality
hybrid_0091,0.802,0.418,true,accept,block,1,false,high_confidence_low_quality
hybrid_0092,0.799,0.22,true,accept,block,1,false,high_confidence_low_quality
hybrid_0093,0.796,0.229,true,accept,block,1,false,high_confidence_low_quality
hybrid_0094,0.793,0.238,true,accept,block,1,false,high_confidence_low_quality
hybrid_0095,0.79,0.247,true,accept,block,1,false,high_confidence_low_quality
hybrid_0096,0.787,0.256,true,accept,block,1,false,high_confidence_low_quality
hybrid_0097,0.784,0.265,true,accept,block,1,false,high_confidence_low_quality
hybrid_0098,0.781,0.274,true,accept,block,1,false,high_confidence_low_quality
hybrid_0099,0.778,0.283,true,accept,block,1,false,high_confidence_low_quality
hybrid_0100,0.775,0.292,true,accept,block,1,false,high_confidence_low_quality
hybrid_0101,0.772,0.301,true,accept,block,1,false,high_confidence_low_quality
hybrid_0102,0.82,0.31,true,accept,block,1,false,high_confidence_low_quality
hybrid_0103,0.817,0.319,true,accept,block,1,false,high_confidence_low_quality
hybrid_0104,0.814,0.328,true,accept,block,1,false,high_confidence_low_quality
hybrid_0105,0.811,0.337,true,accept,block,1,false,high_confidence_low_quality
hybrid_0106,0.808,0.346,true,accept,block,1,false,high_confidence_low_quality
hybrid_0107,0.805,0.355,true,accept,block,1,false,high_confidence_low_quality
hybrid_0108,0.802,0.364,true,accept,block,1,false,high_confidence_low_quality
hybrid_0109,0.799,0.373,true,accept,block,1,false,high_confidence_low_quality
hybrid_0110,0.796,0.382,true,accept,block,1,false,high_confidence_low_quality
hybrid_0111,0.793,0.391,true,accept,block,1,false,high_confidence_low_quality
hybrid_0112,0.79,0.4,true,accept,block,1,false,high_confidence_low_quality
hybrid_0113,0.787,0.409,true,accept,block,1,false,high_confidence_low_quality
hybrid_0114,0.784,0.418,true,accept,block,1,false,high_confidence_low_quality
hybrid_0115,0.781,0.22,true,accept,block,1,false,high_confidence_low_quality
hybrid_0116,0.778,0.229,true,accept,block,1,false,high_confidence_low_quality
hybrid_0117,0.775,0.238,true,accept,block,1,false,high_confidence_low_quality
hybrid_0118,0.772,0.247,true,accept,block,1,false,high_confidence_low_quality
hybrid_0119,0.82,0.256,true,accept,block,1,false,high_confidence_low_quality
hybrid_0120,0.817,0.265,true,accept,block,1,false,high_confidence_low_quality
hybrid_0121,0.814,0.274,true,accept,block,1,false,high_confidence_low_quality
hybrid_0122,0.811,0.283,true,accept,block,1,false,high_confidence_low_quality
hybrid_0123,0.808,0.292,true,accept,block,1,false,high_confidence_low_quality
hybrid_0124,0.805,0.301,true,accept,block,1,false,high_confidence_low_quality
hybrid_0125,0.802,0.31,true,accept,block,1,false,high_confidence_low_quality
hybrid_0126,0.799,0.319,true,accept,block,1,false,high_confidence_low_quality
hybrid_0127,0.796,0.328,true,accept,block,1,false,high_confidence_low_quality
hybrid_0128,0.793,0.337,true,accept,block,1,false,high_confidence_low_quality
hybrid_0129,0.79,0.346,true,accept,block,1,false,high_confidence_low_quality
hybrid_0130,0.787,0.355,true,accept,block,1,false,high_confidence_low_quality
hybrid_0131,0.784,0.364,true,accept,block,1,false,high_confidence_low_quality
hybrid_0132,0.781,0.373,true,accept,block,1,false,high_confidence_low_quality
hybrid_0133,0.778,0.382,true,accept,block,1,false,high_confidence_low_quality
hybrid_0134,0.775,0.391,true,accept,block,1,false,high_confidence_low_quality
hybrid_0135,0.772,0.4,true,accept,block,1,false,high_confidence_low_quality
hybrid_0136,0.82,0.409,true,accept,block,1,false,high_confidence_low_quality
hybrid_0137,0.817,0.418,true,accept,block,1,false,high_confidence_low_quality
hybrid_0138,0.814,0.22,true,accept,block,1,false,high_confidence_low_quality
hybrid_0139,0.811,0.229,true,accept,block,1,false,high_confidence_low_quality
hybrid_0140,0.808,0.238,true,accept,block,1,false,high_confidence_low_quality
hybrid_0141,0.805,0.247,true,accept,block,1,false,high_confidence_low_quality
hybrid_0142,0.802,0.256,true,accept,block,1,false,high_confidence_low_quality
hybrid_0143,0.799,0.265,true,accept,block,1,false,high_confidence_low_quality
hybrid_0144,0.796,0.274,true,accept,block,1,false,high_confidence_low_quality
hybrid_0145,0.793,0.283,true,accept,block,1,false,high_confidence_low_quality
hybrid_0146,0.79,0.292,true,accept,block,1,false,high_confidence_low_quality
hybrid_0147,0.787,0.301,true,accept,block,1,false,high_confidence_low_quality
hybrid_0148,0.784,0.31,true,accept,block,1,false,high_confidence_low_quality
hybrid_0149,0.781,0.319,true,accept,block,1,false,high_confidence_low_quality
hybrid_0150,0.778,0.328,true,accept,block,1,false,high_confidence_low_quality
hybrid_0151,0.775,0.337,true,accept,block,1,false,high_confidence_low_quality
hybrid_0152,0.772,0.346,true,accept,block,1,false,high_confidence_low_quality
hybrid_0153,0.82,0.355,true,accept,block,1,false,high_confidence_low_quality
hybrid_0154,0.817,0.364,true,accept,block,1,false,high_confidence_low_quality
hybrid_0155,0.814,0.373,true,accept,block,1,false,high_confidence_low_quality
hybrid_0156,0.811,0.382,true,accept,block,1,false,high_confidence_low_quality
hybrid_0157,0.808,0.391,true,accept,block,1,false,high_confidence_low_quality
hybrid_0158,0.805,0.4,true,accept,block,1,false,high_confidence_low_quality
hybrid_0159,0.802,0.409,true,accept,block,1,false,high_confidence_low_quality
hybrid_0160,0.799,0.418,true,accept,block,1,false,high_confidence_low_quality
hybrid_0161,0.796,0.22,true,accept,block,1,false,high_confidence_low_quality
hybrid_0162,0.793,0.229,true,accept,block,1,false,high_confidence_low_quality
hybrid_0163,0.79,0.238,true,accept,block,1,false,high_confidence_low_quality
hybrid_0164,0.787,0.247,true,accept,block,1,false,high_confidence_low_quality
hybrid_0165,0.784,0.256,true,accept,block,1,false,high_confidence_low_quality
hybrid_0166,0.781,0.265,true,accept,block,1,false,high_confidence_low_quality
hybrid_0167,0.778,0.274,true,accept,block,1,false,high_confidence_low_quality
hybrid_0168,0.63,0.644,false,reject,reject,0,false,model_reject
hybrid_0169,0.64,0.652,false,reject,reject,0,false,model_reject
hybrid_0170,0.65,0.66,false,reject,reject,0,false,model_reject
hybrid_0171,0.66,0.668,false,reject,reject,0,false,model_reject
hybrid_0172,0.67,0.676,false,reject,reject,0,false,model_reject
hybrid_0173,0.68,0.684,false,reject,reject,0,false,model_reject
hybrid_0174,0.69,0.692,false,reject,reject,0,false,model_reject
hybrid_0175,0.7,0.7,false,reject,reject,0,false,model_reject
hybrid_0176,0.71,0.708,false,accept,accept,0,true,model_accept_quality_ok
hybrid_0177,0.72,0.716,false,accept,accept,0,true,model_accept_quality_ok
hybrid_0178,0.73,0.724,false,accept,accept,0,true,model_accept_quality_ok
hybrid_0179,0.74,0.732,false,accept,accept,0,true,model_accept_quality_ok
hybrid_0180,0.75,0.74,false,accept,accept,0,true,model_accept_quality_ok
hybrid_0181,0.76,0.748,false,accept,accept,0,true,model_accept_quality_ok
hybrid_0182,0.77,0.756,false,accept,accept,0,true,model_accept_quality_ok
hybrid_0183,0.78,0.764,false,accept,accept,0,true,model_accept_quality_ok
hybrid_0184,0.79,0.772,false,accept,accept,0,true,model_accept_quality_ok
hybrid_0185,0.8,0.78,false,accept,accept,0,true,model_accept_quality_ok
hybrid_0186,0.81,0.788,false,accept,accept,0,true,model_accept_quality_ok
hybrid_0187,0.82,0.796,false,accept,accept,0,true,model_accept_quality_ok
hybrid_0188,0.83,0.804,false,accept,accept,0,true,model_accept_quality_ok
hybrid_0189,0.84,0.812,false,accept,accept,0,true,model_accept_quality_ok
hybrid_0190,0.85,0.82,false,accept,accept,0,true,model_accept_quality_ok
hybrid_0191,0.86,0.828,false,accept,accept,0,true,model_accept_quality_ok
hybrid_0192,0.87,0.836,false,accept,accept,0,true,model_accept_quality_ok
hybrid_0193,0.88,0.844,false,accept,accept,0,true,model_accept_quality_ok
hybrid_0194,0.89,0.852,false,accept,accept,0,true,model_accept_quality_ok
hybrid_0195,0.9,0.86,false,accept,accept,0,true,model_accept_quality_ok
hybrid_0196,0.91,0.868,false,accept,accept,0,true,model_accept_quality_ok
hybrid_0197,0.92,0.876,false,accept,accept,0,true,model_accept_quality_ok
hybrid_0198,0.93,0.884,false,accept,accept,0,true,model_accept_quality_ok
hybrid_0199,0.94,0.892,false,accept,accept,0,true,model_accept_quality_ok
hybrid_0200,0.55,0.5,false,reject,reject,0,false,model_reject
hybrid_0201,0.56,0.508,false,reject,reject,0,false,model_reject
hybrid_0202,0.57,0.516,false,reject,reject,0,false,model_reject
hybrid_0203,0.58,0.524,false,reject,reject,0,false,model_reject
hybrid_0204,0.59,0.532,false,reject,reject,0,false,model_reject
hybrid_0205,0.6,0.54,false,reject,reject,0,false,model_reject
hybrid_0206,0.61,0.548,false,reject,reject,0,false,model_reject
hybrid_0207,0.62,0.556,false,reject,reject,0,false,model_reject
hybrid_0208,0.63,0.564,false,reject,reject,0,false,model_reject
hybrid_0209,0.64,0.572,false,reject,reject,0,false,model_reject
hybrid_0210,0.65,0.58,false,reject,reject,0,false,model_reject
hybrid_0211,0.66,0.588,false,reject,reject,0,false,model_reject
hybrid_0212,0.67,0.596,false,reject,reject,0,false,model_reject
hybrid_0213,0.68,0.604,false,reject,reject,0,false,model_reject
hybrid_0214,0.69,0.612,false,reject,reject,0,false,model_reject
hybrid_0215,0.7,0.62,false,reject,reject,0,false,model_reject
hybrid_0216,0.71,0.628,false,accept,accept,0,true,model_accept_quality_ok
hybrid_0217,0.72,0.636,false,accept,accept,0,true,model_accept_quality_ok
hybrid_0218,0.73,0.644,false,accept,accept,0,true,model_accept_quality_ok
hybrid_0219,0.74,0.652,false,accept,accept,0,true,model_accept_quality_ok
hybrid_0220,0.75,0.66,false,accept,accept,0,true,model_accept_quality_ok
hybrid_0221,0.76,0.668,false,accept,accept,0,true,model_accept_quality_ok
hybrid_0222,0.77,0.676,false,accept,accept,0,true,model_accept_quality_ok
hybrid_0223,0.78,0.684,false,accept,accept,0,true,model_accept_quality_ok
hybrid_0224,0.79,0.692,false,accept,accept,0,true,model_accept_quality_ok
hybrid_0225,0.8,0.7,false,accept,accept,0,true,model_accept_quality_ok
hybrid_0226,0.81,0.708,false,accept,accept,0,true,model_accept_quality_ok
hybrid_0227,0.82,0.716,false,accept,accept,0,true,model_accept_quality_ok
hybrid_0228,0.83,0.724,false,accept,accept,0,true,model_accept_quality_ok
hybrid_0229,0.84,0.732,false,accept,accept,0,true,model_accept_quality_ok
hybrid_0230,0.85,0.74,false,accept,accept,0,true,model_accept_quality_ok
hybrid_0231,0.86,0.748,false,accept,accept,0,true,model_accept_quality_ok
hybrid_0232,0.87,0.756,false,accept,accept,0,true,model_accept_quality_ok
hybrid_0233,0.88,0.764,false,accept,accept,0,true,model_accept_quality_ok
hybrid_0234,0.89,0.772,false,accept,accept,0,true,model_accept_quality_ok
hybrid_0235,0.9,0.78,false,accept,accept,0,true,model_accept_quality_ok
hybrid_0236,0.91,0.788,false,accept,accept,0,true,model_accept_quality_ok
hybrid_0237,0.92,0.796,false,accept,accept,0,true,model_accept_quality_ok
hybrid_0238,0.93,0.804,false,accept,accept,0,true,model_accept_quality_ok
hybrid_0239,0.94,0.812,false,accept,accept,0,true,model_accept_quality_ok
hybrid_0240,0.55,0.82,false,reject,reject,0,false,model_reject
hybrid_0241,0.56,0.828,false,reject,reject,0,false,model_reject
hybrid_0242,0.57,0.836,false,reject,reject,0,false,model_reject
hybrid_0243,0.58,0.844,false,reject,reject,0,false,model_reject
hybrid_0244,0.59,0.852,false,reject,reject,0,false,model_reject
hybrid_0245,0.6,0.86,false,reject,reject,0,false,model_reject
hybrid_0246,0.61,0.868,false,reject,reject,0,false,model_reject
hybrid_0247,0.62,0.876,false,reject,reject,0,false,model_reject
hybrid_0248,0.63,0.884,false,reject,reject,0,false,model_reject
hybrid_0249,0.64,0.892,false,reject,reject,0,false,model_reject
hybrid_0250,0.65,0.5,false,reject,reject,0,false,model_reject
hybrid_0251,0.66,0.508,false,reject,reject,0,false,model_reject
hybrid_0252,0.67,0.516,false,reject,reject,0,false,model_reject
hybrid_0253,0.68,0.524,false,reject,reject,0,false,model_reject
hybrid_0254,0.69,0.532,false,reject,reject,0,false,model_reject
hybrid_0255,0.7,0.54,false,reject,reject,0,false,model_reject
hybrid_0256,0.71,0.548,false,accept,accept,0,true,model_accept_quality_ok
hybrid_0257,0.72,0.556,false,accept,accept,0,true,model_accept_quality_ok
hybrid_0258,0.73,0.564,false,accept,accept,0,true,model_accept_quality_ok
hybrid_0259,0.74,0.572,false,accept,accept,0,true,model_accept_quality_ok
hybrid_0260,0.75,0.58,false,accept,accept,0,true,model_accept_quality_ok
hybrid_0261,0.76,0.588,false,accept,accept,0,true,model_accept_quality_ok
hybrid_0262,0.77,0.596,false,accept,accept,0,true,model_accept_quality_ok
hybrid_0263,0.78,0.604,false,accept,accept,0,true,model_accept_quality_ok
hybrid_0264,0.79,0.612,false,accept,accept,0,true,model_accept_quality_ok
hybrid_0265,0.8,0.62,false,accept,accept,0,true,model_accept_quality_ok
hybrid_0266,0.81,0.628,false,accept,accept,0,true,model_accept_quality_ok
hybrid_0267,0.82,0.636,false,accept,accept,0,true,model_accept_quality_ok
hybrid_0268,0.83,0.644,false,accept,accept,0,true,model_accept_quality_ok
hybrid_0269,0.84,0.652,false,accept,accept,0,true,model_accept_quality_ok
hybrid_0270,0.85,0.66,false,accept,accept,0,true,model_accept_quality_ok
hybrid_0271,0.86,0.668,false,accept,accept,0,true,model_accept_quality_ok
hybrid_0272,0.87,0.676,false,accept,accept,0,true,model_accept_quality_ok
hybrid_0273,0.88,0.684,false,accept,accept,0,true,model_accept_quality_ok
hybrid_0274,0.89,0.692,false,accept,accept,0,true,model_accept_quality_ok
hybrid_0275,0.9,0.7,false,accept,accept,0,true,model_accept_quality_ok
hybrid_0276,0.91,0.708,false,accept,accept,0,true,model_accept_quality_ok
hybrid_0277,0.92,0.716,false,accept,accept,0,true,model_accept_quality_ok
hybrid_0278,0.93,0.724,false,accept,accept,0,true,model_accept_quality_ok
hybrid_0279,0.94,0.732,false,accept,accept,0,true,model_accept_quality_ok
hybrid_0280,0.55,0.74,false,reject,reject,0,false,model_reject
hybrid_0281,0.56,0.748,false,reject,reject,0,false,model_reject
hybrid_0282,0.57,0.756,false,reject,reject,0,false,model_reject
hybrid_0283,0.58,0.764,false,reject,reject,0,false,model_reject
hybrid_0284,0.59,0.772,false,reject,reject,0,false,model_reject
hybrid_0285,0.6,0.78,false,reject,reject,0,false,model_reject
hybrid_0286,0.61,0.788,false,reject,reject,0,false,model_reject
hybrid_0287,0.62,0.796,false,reject,reject,0,false,model_reject
hybrid_0288,0.63,0.804,false,reject,reject,0,false,model_reject
hybrid_0289,0.64,0.812,false,reject,reject,0,false,model_reject
hybrid_0290,0.65,0.82,false,reject,reject,0,false,model_reject
hybrid_0291,0.66,0.828,false,reject,reject,0,false,model_reject
hybrid_0292,0.67,0.836,false,reject,reject,0,false,model_reject
hybrid_0293,0.68,0.844,false,reject,reject,0,false,model_reject
hybrid_0294,0.69,0.852,false,reject,reject,0,false,model_reject
hybrid_0295,0.7,0.86,false,reject,reject,0,false,model_reject
hybrid_0296,0.71,0.868,false,accept,accept,0,true,model_accept_quality_ok
hybrid_0297,0.72,0.876,false,accept,accept,0,true,model_accept_quality_ok
hybrid_0298,0.73,0.884,false,accept,accept,0,true,model_accept_quality_ok
hybrid_0299,0.74,0.892,false,accept,accept,0,true,model_accept_quality_ok
hybrid_0300,0.75,0.5,false,accept,accept,0,true,model_accept_quality_ok
hybrid_0301,0.76,0.508,false,accept,accept,0,true,model_accept_quality_ok
hybrid_0302,0.77,0.516,false,accept,accept,0,true,model_accept_quality_ok
hybrid_0303,0.78,0.524,false,accept,accept,0,true,model_accept_quality_ok
hybrid_0304,0.79,0.532,false,accept,accept,0,true,model_accept_quality_ok
hybrid_0305,0.8,0.54,false,accept,accept,0,true,model_accept_quality_ok
hybrid_0306,0.81,0.548,false,accept,accept,0,true,model_accept_quality_ok
hybrid_0307,0.82,0.556,false,accept,accept,0,true,model_accept_quality_ok
hybrid_0308,0.83,0.564,false,accept,accept,0,true,model_accept_quality_ok
hybrid_0309,0.84,0.572,false,accept,accept,0,true,model_accept_quality_ok
hybrid_0310,0.85,0.58,false,accept,accept,0,true,model_accept_quality_ok
hybrid_0311,0.86,0.588,false,accept,accept,0,true,model_accept_quality_ok
hybrid_0312,0.87,0.596,false,accept,accept,0,true,model_accept_quality_ok
hybrid_0313,0.88,0.604,false,accept,accept,0,true,model_accept_quality_ok
hybrid_0314,0.89,0.612,false,accept,accept,0,true,model_accept_quality_ok
hybrid_0315,0.9,0.62,false,accept,accept,0,true,model_accept_quality_ok
hybrid_0316,0.91,0.628,false,accept,accept,0,true,model_accept_quality_ok
hybrid_0317,0.92,0.636,false,accept,accept,0,true,model_accept_quality_ok
hybrid_0318,0.93,0.644,false,accept,accept,0,true,model_accept_quality_ok
hybrid_0319,0.94,0.652,false,accept,accept,0,true,model_accept_quality_ok
hybrid_0320,0.55,0.66,false,reject,reject,0,false,model_reject
hybrid_0321,0.56,0.668,false,reject,reject,0,false,model_reject
hybrid_0322,0.57,0.676,false,reject,reject,0,false,model_reject
hybrid_0323,0.58,0.684,false,reject,reject,0,false,model_reject
hybrid_0324,0.59,0.692,false,reject,reject,0,false,model_reject
hybrid_0325,0.6,0.7,false,reject,reject,0,false,model_reject
hybrid_0326,0.61,0.708,false,reject,reject,0,false,model_reject
hybrid_0327,0.62,0.716,false,reject,reject,0,false,model_reject
hybrid_0328,0.63,0.724,false,reject,reject,0,false,model_reject
hybrid_0329,0.64,0.732,false,reject,reject,0,false,model_reject
hybrid_0330,0.65,0.74,false,reject,reject,0,false,model_reject
hybrid_0331,0.66,0.748,false,reject,reject,0,false,model_reject
hybrid_0332,0.67,0.756,false,reject,reject,0,false,model_reject
hybrid_0333,0.68,0.764,false,reject,reject,0,false,model_reject
hybrid_0334,0.69,0.772,false,reject,reject,0,false,model_reject
hybrid_0335,0.7,0.78,false,reject,reject,0,false,model_reject
hybrid_0336,0.71,0.788,false,accept,accept,0,true,model_accept_quality_ok
hybrid_0337,0.72,0.796,false,accept,accept,0,true,model_accept_quality_ok
hybrid_0338,0.73,0.804,false,accept,accept,0,true,model_accept_quality_ok
hybrid_0339,0.74,0.812,false,accept,accept,0,true,model_accept_quality_ok
hybrid_0340,0.75,0.82,false,accept,accept,0,true,model_accept_quality_ok
hybrid_0341,0.76,0.828,false,accept,accept,0,true,model_accept_quality_ok
hybrid_0342,0.77,0.836,false,accept,accept,0,true,model_accept_quality_ok
hybrid_0343,0.78,0.844,false,accept,accept,0,true,model_accept_quality_ok
hybrid_0344,0.79,0.852,false,accept,accept,0,true,model_accept_quality_ok
hybrid_0345,0.8,0.86,false,accept,accept,0,true,model_accept_quality_ok
hybrid_0346,0.81,0.868,false,accept,accept,0,true,model_accept_quality_ok
hybrid_0347,0.82,0.876,false,accept,accept,0,true,model_accept_quality_ok
hybrid_0348,0.83,0.884,false,accept,accept,0,true,model_accept_quality_ok
hybrid_0349,0.84,0.892,false,accept,accept,0,true,model_accept_quality_ok
hybrid_0350,0.85,0.5,false,accept,accept,0,true,model_accept_quality_ok
hybrid_0351,0.86,0.508,false,accept,accept,0,true,model_accept_quality_ok
hybrid_0352,0.87,0.516,false,accept,accept,0,true,model_accept_quality_ok
hybrid_0353,0.88,0.524,false,accept,accept,0,true,model_accept_quality_ok
hybrid_0354,0.89,0.532,false,accept,accept,0,true,model_accept_quality_ok
hybrid_0355,0.9,0.54,false,accept,accept,0,true,model_accept_quality_ok
hybrid_0356,0.91,0.548,false,accept,accept,0,true,model_accept_quality_ok
hybrid_0357,0.92,0.556,false,accept,accept,0,true,model_accept_quality_ok
hybrid_0358,0.93,0.564,false,accept,accept,0,true,model_accept_quality_ok
hybrid_0359,0.94,0.572,false,accept,accept,0,true,model_accept_quality_ok
hybrid_0360,0.55,0.58,false,reject,reject,0,false,model_reject
hybrid_0361,0.56,0.588,false,reject,reject,0,false,model_reject
hybrid_0362,0.57,0.596,false,reject,reject,0,false,model_reject
hybrid_0363,0.58,0.604,false,reject,reject,0,false,model_reject
hybrid_0364,0.59,0.612,false,reject,reject,0,false,model_reject
hybrid_0365,0.6,0.62,false,reject,reject,0,false,model_reject
hybrid_0366,0.61,0.628,false,reject,reject,0,false,model_reject
hybrid_0367,0.62,0.636,false,reject,reject,0,false,model_reject
hybrid_0368,0.63,0.644,false,reject,reject,0,false,model_reject
hybrid_0369,0.64,0.652,false,reject,reject,0,false,model_reject
hybrid_0370,0.65,0.66,false,reject,reject,0,false,model_reject
hybrid_0371,0.66,0.668,false,reject,reject,0,false,model_reject
hybrid_0372,0.67,0.676,false,reject,reject,0,false,model_reject
hybrid_0373,0.68,0.684,false,reject,reject,0,false,model_reject
hybrid_0374,0.69,0.692,false,reject,reject,0,false,model_reject
hybrid_0375,0.7,0.7,false,reject,reject,0,false,model_reject
hybrid_0376,0.71,0.708,false,accept,accept,0,true,model_accept_quality_ok
hybrid_0377,0.72,0.716,false,accept,accept,0,true,model_accept_quality_ok
hybrid_0378,0.73,0.724,false,accept,accept,0,true,model_accept_quality_ok
hybrid_0379,0.74,0.732,false,accept,accept,0,true,model_accept_quality_ok
hybrid_0380,0.75,0.74,false,accept,accept,0,true,model_accept_quality_ok
hybrid_0381,0.76,0.748,false,accept,accept,0,true,model_accept_quality_ok
hybrid_0382,0.77,0.756,false,accept,accept,0,true,model_accept_quality_ok
hybrid_0383,0.78,0.764,false,accept,accept,0,true,model_accept_quality_ok
hybrid_0384,0.79,0.772,false,accept,accept,0,true,model_accept_quality_ok
hybrid_0385,0.8,0.78,false,accept,accept,0,true,model_accept_quality_ok
hybrid_0386,0.81,0.788,false,accept,accept,0,true,model_accept_quality_ok
hybrid_0387,0.82,0.796,false,accept,accept,0,true,model_accept_quality_ok
hybrid_0388,0.83,0.804,false,accept,accept,0,true,model_accept_quality_ok
hybrid_0389,0.84,0.812,false,accept,accept,0,true,model_accept_quality_ok
hybrid_0390,0.85,0.82,false,accept,accept,0,true,model_accept_quality_ok
hybrid_0391,0.86,0.828,false,accept,accept,0,true,model_accept_quality_ok
hybrid_0392,0.87,0.836,false,accept,accept,0,true,model_accept_quality_ok
hybrid_0393,0.88,0.844,false,accept,accept,0,true,model_accept_quality_ok
hybrid_0394,0.89,0.852,false,accept,accept,0,true,model_accept_quality_ok
hybrid_0395,0.9,0.86,false,accept,accept,0,true,model_accept_quality_ok
hybrid_0396,0.91,0.868,false,accept,accept,0,true,model_accept_quality_ok
hybrid_0397,0.92,0.876,false,accept,accept,0,true,model_accept_quality_ok
hybrid_0398,0.93,0.884,false,accept,accept,0,true,model_accept_quality_ok
hybrid_0399,0.94,0.892,false,accept,accept,0,true,model_accept_quality_ok
hybrid_0400,0.55,0.5,false,reject,reject,0,false,model_reject
hybrid_0401,0.56,0.508,false,reject,reject,0,false,model_reject
hybrid_0402,0.57,0.516,false,reject,reject,0,false,model_reject
hybrid_0403,0.58,0.524,false,reject,reject,0,false,model_reject
hybrid_0404,0.59,0.532,false,reject,reject,0,false,model_reject
hybrid_0405,0.6,0.54,false,reject,reject,0,false,model_reject
hybrid_0406,0.61,0.548,false,reject,reject,0,false,model_reject
hybrid_0407,0.62,0.556,false,reject,reject,0,false,model_reject
hybrid_0408,0.63,0.564,false,reject,reject,0,false,model_reject
hybrid_0409,0.64,0.572,false,reject,reject,0,false,model_reject
hybrid_0410,0.65,0.58,false,reject,reject,0,false,model_reject
hybrid_0411,0.66,0.588,false,reject,reject,0,false,model_reject
hybrid_0412,0.67,0.596,false,reject,reject,0,false,model_reject
hybrid_0413,0.68,0.604,false,reject,reject,0,false,model_reject
hybrid_0414,0.69,0.612,false,reject,reject,0,false,model_reject
hybrid_0415,0.7,0.62,false,reject,reject,0,false,model_reject
hybrid_0416,0.71,0.628,false,accept,accept,0,true,model_accept_quality_ok
hybrid_0417,0.72,0.636,false,accept,accept,0,true,model_accept_quality_ok
hybrid_0418,0.73,0.644,false,accept,accept,0,true,model_accept_quality_ok
hybrid_0419,0.74,0.652,false,accept,accept,0,true,model_accept_quality_ok
hybrid_0420,0.75,0.66,false,accept,accept,0,true,model_accept_quality_ok
hybrid_0421,0.76,0.668,false,accept,accept,0,true,model_accept_quality_ok
hybrid_0422,0.77,0.676,false,accept,accept,0,true,model_accept_quality_ok
hybrid_0423,0.78,0.684,false,accept,accept,0,true,model_accept_quality_ok
hybrid_0424,0.79,0.692,false,accept,accept,0,true,model_accept_quality_ok
hybrid_0425,0.8,0.7,false,accept,accept,0,true,model_accept_quality_ok
hybrid_0426,0.81,0.708,false,accept,accept,0,true,model_accept_quality_ok
hybrid_0427,0.82,0.716,false,accept,accept,0,true,model_accept_quality_ok
hybrid_0428,0.83,0.724,false,accept,accept,0,true,model_accept_quality_ok
hybrid_0429,0.84,0.732,false,accept,accept,0,true,model_accept_quality_ok
hybrid_0430,0.85,0.74,false,accept,accept,0,true,model_accept_quality_ok
hybrid_0431,0.86,0.748,false,accept,accept,0,true,model_accept_quality_ok
hybrid_0432,0.87,0.756,false,accept,accept,0,true,model_accept_quality_ok
hybrid_0433,0.88,0.764,false,accept,accept,0,true,model_accept_quality_ok
hybrid_0434,0.89,0.772,false,accept,accept,0,true,model_accept_quality_ok
hybrid_0435,0.9,0.78,false,accept,accept,0,true,model_accept_quality_ok
hybrid_0436,0.91,0.788,false,accept,accept,0,true,model_accept_quality_ok
hybrid_0437,0.92,0.796,false,accept,accept,0,true,model_accept_quality_ok
hybrid_0438,0.93,0.804,false,accept,accept,0,true,model_accept_quality_ok
hybrid_0439,0.94,0.812,false,accept,accept,0,true,model_accept_quality_ok
hybrid_0440,0.55,0.82,false,reject,reject,0,false,model_reject
hybrid_0441,0.56,0.828,false,reject,reject,0,false,model_reject
hybrid_0442,0.57,0.836,false,reject,reject,0,false,model_reject
hybrid_0443,0.58,0.844,false,reject,reject,0,false,model_reject
hybrid_0444,0.59,0.852,false,reject,reject,0,false,model_reject
hybrid_0445,0.6,0.86,false,reject,reject,0,false,model_reject
hybrid_0446,0.61,0.868,false,reject,reject,0,false,model_reject
hybrid_0447,0.62,0.876,false,reject,reject,0,false,model_reject
hybrid_0448,0.63,0.884,false,reject,reject,0,false,model_reject
hybrid_0449,0.64,0.892,false,reject,reject,0,false,model_reject
hybrid_0450,0.65,0.5,false,reject,reject,0,false,model_reject
hybrid_0451,0.66,0.508,false,reject,reject,0,false,model_reject
hybrid_0452,0.67,0.516,false,reject,reject,0,false,model_reject
hybrid_0453,0.68,0.524,false,reject,reject,0,false,model_reject
hybrid_0454,0.69,0.532,false,reject,reject,0,false,model_reject
hybrid_0455,0.7,0.54,false,reject,reject,0,false,model_reject
hybrid_0456,0.71,0.548,false,accept,accept,0,true,model_accept_quality_ok
hybrid_0457,0.72,0.556,false,accept,accept,0,true,model_accept_quality_ok
hybrid_0458,0.73,0.564,false,accept,accept,0,true,model_accept_quality_ok
hybrid_0459,0.74,0.572,false,accept,accept,0,true,model_accept_quality_ok
hybrid_0460,0.75,0.58,false,accept,accept,0,true,model_accept_quality_ok
hybrid_0461,0.76,0.588,false,accept,accept,0,true,model_accept_quality_ok
hybrid_0462,0.77,0.596,false,accept,accept,0,true,model_accept_quality_ok
hybrid_0463,0.78,0.604,false,accept,accept,0,true,model_accept_quality_ok
hybrid_0464,0.79,0.612,false,accept,accept,0,true,model_accept_quality_ok
hybrid_0465,0.8,0.62,false,accept,accept,0,true,model_accept_quality_ok
hybrid_0466,0.81,0.628,false,accept,accept,0,true,model_accept_quality_ok
hybrid_0467,0.82,0.636,false,accept,accept,0,true,model_accept_quality_ok
hybrid_0468,0.83,0.644,false,accept,accept,0,true,model_accept_quality_ok
hybrid_0469,0.84,0.652,false,accept,accept,0,true,model_accept_quality_ok
hybrid_0470,0.85,0.66,false,accept,accept,0,true,model_accept_quality_ok
hybrid_0471,0.86,0.668,false,accept,accept,0,true,model_accept_quality_ok
hybrid_0472,0.87,0.676,false,accept,accept,0,true,model_accept_quality_ok
hybrid_0473,0.88,0.684,false,accept,accept,0,true,model_accept_quality_ok
hybrid_0474,0.89,0.692,false,accept,accept,0,true,model_accept_quality_ok
hybrid_0475,0.9,0.7,false,accept,accept,0,true,model_accept_quality_ok
hybrid_0476,0.91,0.708,false,accept,accept,0,true,model_accept_quality_ok
hybrid_0477,0.92,0.716,false,accept,accept,0,true,model_accept_quality_ok
hybrid_0478,0.93,0.724,false,accept,accept,0,true,model_accept_quality_ok
hybrid_0479,0.94,0.732,false,accept,accept,0,true,model_accept_quality_ok
hybrid_0480,0.55,0.74,false,reject,reject,0,false,model_reject
hybrid_0481,0.56,0.748,false,reject,reject,0,false,model_reject
hybrid_0482,0.57,0.756,false,reject,reject,0,false,model_reject
hybrid_0483,0.58,0.764,false,reject,reject,0,false,model_reject
hybrid_0484,0.59,0.772,false,reject,reject,0,false,model_reject
hybrid_0485,0.6,0.78,false,reject,reject,0,false,model_reject
hybrid_0486,0.61,0.788,false,reject,reject,0,false,model_reject
hybrid_0487,0.62,0.796,false,reject,reject,0,false,model_reject
hybrid_0488,0.63,0.804,false,reject,reject,0,false,model_reject
hybrid_0489,0.64,0.812,false,reject,reject,0,false,model_reject
hybrid_0490,0.65,0.82,false,reject,reject,0,false,model_reject
hybrid_0491,0.66,0.828,false,reject,reject,0,false,model_reject
hybrid_0492,0.67,0.836,false,reject,reject,0,false,model_reject
hybrid_0493,0.68,0.844,false,reject,reject,0,false,model_reject
hybrid_0494,0.69,0.852,false,reject,reject,0,false,model_reject
hybrid_0495,0.7,0.86,false,reject,reject,0,false,model_reject
hybrid_0496,0.71,0.868,false,accept,accept,0,true,model_accept_quality_ok
hybrid_0497,0.72,0.876,false,accept,accept,0,true,model_accept_quality_ok
hybrid_0498,0.73,0.884,false,accept,accept,0,true,model_accept_quality_ok
hybrid_0499,0.74,0.892,false,accept,accept,0,true,model_accept_quality_ok
hybrid_0500,0.75,0.5,false,accept,accept,0,true,model_accept_quality_ok
hybrid_0501,0.76,0.508,false,accept,accept,0,true,model_accept_quality_ok
hybrid_0502,0.77,0.516,false,accept,accept,0,true,model_accept_quality_ok
hybrid_0503,0.78,0.524,false,accept,accept,0,true,model_accept_quality_ok
hybrid_0504,0.79,0.532,false,accept,accept,0,true,model_accept_quality_ok
hybrid_0505,0.8,0.54,false,accept,accept,0,true,model_accept_quality_ok
hybrid_0506,0.81,0.548,false,accept,accept,0,true,model_accept_quality_ok
hybrid_0507,0.82,0.556,false,accept,accept,0,true,model_accept_quality_ok
hybrid_0508,0.83,0.564,false,accept,accept,0,true,model_accept_quality_ok
hybrid_0509,0.84,0.572,false,accept,accept,0,true,model_accept_quality_ok
hybrid_0510,0.85,0.58,false,accept,accept,0,true,model_accept_quality_ok
hybrid_0511,0.86,0.588,false,accept,accept,0,true,model_accept_quality_ok
hybrid_0512,0.87,0.596,false,accept,accept,0,true,model_accept_quality_ok
hybrid_0513,0.88,0.604,false,accept,accept,0,true,model_accept_quality_ok
hybrid_0514,0.89,0.612,false,accept,accept,0,true,model_accept_quality_ok
hybrid_0515,0.9,0.62,false,accept,accept,0,true,model_accept_quality_ok
hybrid_0516,0.91,0.628,false,accept,accept,0,true,model_accept_quality_ok
hybrid_0517,0.92,0.636,false,accept,accept,0,true,model_accept_quality_ok
hybrid_0518,0.93,0.644,false,accept,accept,0,true,model_accept_quality_ok
hybrid_0519,0.94,0.652,false,accept,accept,0,true,model_accept_quality_ok
hybrid_0520,0.55,0.66,false,reject,reject,0,false,model_reject
hybrid_0521,0.56,0.668,false,reject,reject,0,false,model_reject
hybrid_0522,0.57,0.676,false,reject,reject,0,false,model_reject
hybrid_0523,0.58,0.684,false,reject,reject,0,false,model_reject
hybrid_0524,0.59,0.692,false,reject,reject,0,false,model_reject
hybrid_0525,0.6,0.7,false,reject,reject,0,false,model_reject
hybrid_0526,0.61,0.708,false,reject,reject,0,false,model_reject
hybrid_0527,0.62,0.716,false,reject,reject,0,false,model_reject
hybrid_0528,0.63,0.724,false,reject,reject,0,false,model_reject
hybrid_0529,0.64,0.732,false,reject,reject,0,false,model_reject
hybrid_0530,0.65,0.74,false,reject,reject,0,false,model_reject
hybrid_0531,0.66,0.748,false,reject,reject,0,false,model_reject
hybrid_0532,0.67,0.756,false,reject,reject,0,false,model_reject
hybrid_0533,0.68,0.764,false,reject,reject,0,false,model_reject
hybrid_0534,0.69,0.772,false,reject,reject,0,false,model_reject
hybrid_0535,0.7,0.78,false,reject,reject,0,false,model_reject
hybrid_0536,0.71,0.788,false,accept,accept,0,true,model_accept_quality_ok
hybrid_0537,0.72,0.796,false,accept,accept,0,true,model_accept_quality_ok
hybrid_0538,0.73,0.804,false,accept,accept,0,true,model_accept_quality_ok
hybrid_0539,0.74,0.812,false,accept,accept,0,true,model_accept_quality_ok
hybrid_0540,0.75,0.82,false,accept,accept,0,true,model_accept_quality_ok
hybrid_0541,0.76,0.828,false,accept,accept,0,true,model_accept_quality_ok
hybrid_0542,0.77,0.836,false,accept,accept,0,true,model_accept_quality_ok
hybrid_0543,0.78,0.844,false,accept,accept,0,true,model_accept_quality_ok
hybrid_0544,0.79,0.852,false,accept,accept,0,true,model_accept_quality_ok
hybrid_0545,0.8,0.86,false,accept,accept,0,true,model_accept_quality_ok
hybrid_0546,0.81,0.868,false,accept,accept,0,true,model_accept_quality_ok
hybrid_0547,0.82,0.876,false,accept,accept,0,true,model_accept_quality_ok
hybrid_0548,0.83,0.884,false,accept,accept,0,true,model_accept_quality_ok
hybrid_0549,0.84,0.892,false,accept,accept,0,true,model_accept_quality_ok
hybrid_0550,0.85,0.5,false,accept,accept,0,true,model_accept_quality_ok
hybrid_0551,0.86,0.508,false,accept,accept,0,true,model_accept_quality_ok
hybrid_0552,0.87,0.516,false,accept,accept,0,true,model_accept_quality_ok
hybrid_0553,0.88,0.524,false,accept,accept,0,true,model_accept_quality_ok
hybrid_0554,0.89,0.532,false,accept,accept,0,true,model_accept_quality_ok
hybrid_0555,0.9,0.54,false,accept,accept,0,true,model_accept_quality_ok
hybrid_0556,0.91,0.548,false,accept,accept,0,true,model_accept_quality_ok
hybrid_0557,0.92,0.556,false,accept,accept,0,true,model_accept_quality_ok
hybrid_0558,0.93,0.564,false,accept,accept,0,true,model_accept_quality_ok
hybrid_0559,0.94,0.572,false,accept,accept,0,true,model_accept_quality_ok
hybrid_0560,0.55,0.58,false,reject,reject,0,false,model_reject
hybrid_0561,0.56,0.588,false,reject,reject,0,false,model_reject
hybrid_0562,0.57,0.596,false,reject,reject,0,false,model_reject
hybrid_0563,0.58,0.604,false,reject,reject,0,false,model_reject
hybrid_0564,0.59,0.612,false,reject,reject,0,false,model_reject
hybrid_0565,0.6,0.62,false,reject,reject,0,false,model_reject
hybrid_0566,0.61,0.628,false,reject,reject,0,false,model_reject
hybrid_0567,0.62,0.636,false,reject,reject,0,false,model_reject
hybrid_0568,0.63,0.644,false,reject,reject,0,false,model_reject
hybrid_0569,0.64,0.652,false,reject,reject,0,false,model_reject
hybrid_0570,0.65,0.66,false,reject,reject,0,false,model_reject
hybrid_0571,0.66,0.668,false,reject,reject,0,false,model_reject
hybrid_0572,0.67,0.676,false,reject,reject,0,false,model_reject
hybrid_0573,0.68,0.684,false,reject,reject,0,false,model_reject
hybrid_0574,0.69,0.692,false,reject,reject,0,false,model_reject
hybrid_0575,0.7,0.7,false,reject,reject,0,false,model_reject
hybrid_0576,0.71,0.708,false,accept,accept,0,true,model_accept_quality_ok
hybrid_0577,0.72,0.716,false,accept,accept,0,true,model_accept_quality_ok
hybrid_0578,0.73,0.724,false,accept,accept,0,true,model_accept_quality_ok
hybrid_0579,0.74,0.732,false,accept,accept,0,true,model_accept_quality_ok
hybrid_0580,0.75,0.74,false,accept,accept,0,true,model_accept_quality_ok
hybrid_0581,0.76,0.748,false,accept,accept,0,true,model_accept_quality_ok
hybrid_0582,0.77,0.756,false,accept,accept,0,true,model_accept_quality_ok
hybrid_0583,0.78,0.764,false,accept,accept,0,true,model_accept_quality_ok
hybrid_0584,0.79,0.772,false,accept,accept,0,true,model_accept_quality_ok
hybrid_0585,0.8,0.78,false,accept,accept,0,true,model_accept_quality_ok
hybrid_0586,0.81,0.788,false,accept,accept,0,true,model_accept_quality_ok
hybrid_0587,0.82,0.796,false,accept,accept,0,true,model_accept_quality_ok
hybrid_0588,0.83,0.804,false,accept,accept,0,true,model_accept_quality_ok
hybrid_0589,0.84,0.812,false,accept,accept,0,true,model_accept_quality_ok
hybrid_0590,0.85,0.82,false,accept,accept,0,true,model_accept_quality_ok
hybrid_0591,0.86,0.828,false,accept,accept,0,true,model_accept_quality_ok
hybrid_0592,0.87,0.836,false,accept,accept,0,true,model_accept_quality_ok
hybrid_0593,0.88,0.844,false,accept,accept,0,true,model_accept_quality_ok
hybrid_0594,0.89,0.852,false,accept,accept,0,true,model_accept_quality_ok
hybrid_0595,0.9,0.86,false,accept,accept,0,true,model_accept_quality_ok
hybrid_0596,0.91,0.868,false,accept,accept,0,true,model_accept_quality_ok
hybrid_0597,0.92,0.876,false,accept,accept,0,true,model_accept_quality_ok
hybrid_0598,0.93,0.884,false,accept,accept,0,true,model_accept_quality_ok
hybrid_0599,0.94,0.892,false,accept,accept,0,true,model_accept_quality_ok
hybrid_0600,0.55,0.5,false,reject,reject,0,false,model_reject
hybrid_0601,0.56,0.508,false,reject,reject,0,false,model_reject
hybrid_0602,0.57,0.516,false,reject,reject,0,false,model_reject
hybrid_0603,0.58,0.524,false,reject,reject,0,false,model_reject
hybrid_0604,0.59,0.532,false,reject,reject,0,false,model_reject
hybrid_0605,0.6,0.54,false,reject,reject,0,false,model_reject
hybrid_0606,0.61,0.548,false,reject,reject,0,false,model_reject
hybrid_0607,0.62,0.556,false,reject,reject,0,false,model_reject
hybrid_0608,0.63,0.564,false,reject,reject,0,false,model_reject
hybrid_0609,0.64,0.572,false,reject,reject,0,false,model_reject
hybrid_0610,0.65,0.58,false,reject,reject,0,false,model_reject
hybrid_0611,0.66,0.588,false,reject,reject,0,false,model_reject
hybrid_0612,0.67,0.596,false,reject,reject,0,false,model_reject
hybrid_0613,0.68,0.604,false,reject,reject,0,false,model_reject
hybrid_0614,0.69,0.612,false,reject,reject,0,false,model_reject
hybrid_0615,0.7,0.62,false,reject,reject,0,false,model_reject
hybrid_0616,0.71,0.628,false,accept,accept,0,true,model_accept_quality_ok
hybrid_0617,0.72,0.636,false,accept,accept,0,true,model_accept_quality_ok
hybrid_0618,0.73,0.644,false,accept,accept,0,true,model_accept_quality_ok
hybrid_0619,0.74,0.652,false,accept,accept,0,true,model_accept_quality_ok
hybrid_0620,0.75,0.66,false,accept,accept,0,true,model_accept_quality_ok
hybrid_0621,0.76,0.668,false,accept,accept,0,true,model_accept_quality_ok
hybrid_0622,0.77,0.676,false,accept,accept,0,true,model_accept_quality_ok
hybrid_0623,0.78,0.684,false,accept,accept,0,true,model_accept_quality_ok
hybrid_0624,0.79,0.692,false,accept,accept,0,true,model_accept_quality_ok
hybrid_0625,0.8,0.7,false,accept,accept,0,true,model_accept_quality_ok
hybrid_0626,0.81,0.708,false,accept,accept,0,true,model_accept_quality_ok
hybrid_0627,0.82,0.716,false,accept,accept,0,true,model_accept_quality_ok
hybrid_0628,0.83,0.724,false,accept,accept,0,true,model_accept_quality_ok
hybrid_0629,0.84,0.732,false,accept,accept,0,true,model_accept_quality_ok
hybrid_0630,0.85,0.74,false,accept,accept,0,true,model_accept_quality_ok
hybrid_0631,0.86,0.748,false,accept,accept,0,true,model_accept_quality_ok
hybrid_0632,0.87,0.756,false,accept,accept,0,true,model_accept_quality_ok
hybrid_0633,0.88,0.764,false,accept,accept,0,true,model_accept_quality_ok
hybrid_0634,0.89,0.772,false,accept,accept,0,true,model_accept_quality_ok
hybrid_0635,0.9,0.78,false,accept,accept,0,true,model_accept_quality_ok
hybrid_0636,0.91,0.788,false,accept,accept,0,true,model_accept_quality_ok
hybrid_0637,0.92,0.796,false,accept,accept,0,true,model_accept_quality_ok
hybrid_0638,0.93,0.804,false,accept,accept,0,true,model_accept_quality_ok
hybrid_0639,0.94,0.812,false,accept,accept,0,true,model_accept_quality_ok
hybrid_0640,0.55,0.82,false,reject,reject,0,false,model_reject
hybrid_0641,0.56,0.828,false,reject,reject,0,false,model_reject
hybrid_0642,0.57,0.836,false,reject,reject,0,false,model_reject
hybrid_0643,0.58,0.844,false,reject,reject,0,false,model_reject
hybrid_0644,0.59,0.852,false,reject,reject,0,false,model_reject
hybrid_0645,0.6,0.86,false,reject,reject,0,false,model_reject
hybrid_0646,0.61,0.868,false,reject,reject,0,false,model_reject
hybrid_0647,0.62,0.876,false,reject,reject,0,false,model_reject
hybrid_0648,0.63,0.884,false,reject,reject,0,false,model_reject
hybrid_0649,0.64,0.892,false,reject,reject,0,false,model_reject
hybrid_0650,0.65,0.5,false,reject,reject,0,false,model_reject
hybrid_0651,0.66,0.508,false,reject,reject,0,false,model_reject
hybrid_0652,0.67,0.516,false,reject,reject,0,false,model_reject
hybrid_0653,0.68,0.524,false,reject,reject,0,false,model_reject
hybrid_0654,0.69,0.532,false,reject,reject,0,false,model_reject
hybrid_0655,0.7,0.54,false,reject,reject,0,false,model_reject
hybrid_0656,0.71,0.548,false,accept,accept,0,true,model_accept_quality_ok
hybrid_0657,0.72,0.556,false,accept,accept,0,true,model_accept_quality_ok
hybrid_0658,0.73,0.564,false,accept,accept,0,true,model_accept_quality_ok
hybrid_0659,0.74,0.572,false,accept,accept,0,true,model_accept_quality_ok
hybrid_0660,0.75,0.58,false,accept,accept,0,true,model_accept_quality_ok
hybrid_0661,0.76,0.588,false,accept,accept,0,true,model_accept_quality_ok
hybrid_0662,0.77,0.596,false,accept,accept,0,true,model_accept_quality_ok
hybrid_0663,0.78,0.604,false,accept,accept,0,true,model_accept_quality_ok
hybrid_0664,0.79,0.612,false,accept,accept,0,true,model_accept_quality_ok
hybrid_0665,0.8,0.62,false,accept,accept,0,true,model_accept_quality_ok
hybrid_0666,0.81,0.628,false,accept,accept,0,true,model_accept_quality_ok
hybrid_0667,0.82,0.636,false,accept,accept,0,true,model_accept_quality_ok
hybrid_0668,0.83,0.644,false,accept,accept,0,true,model_accept_quality_ok
hybrid_0669,0.84,0.652,false,accept,accept,0,true,model_accept_quality_ok
hybrid_0670,0.85,0.66,false,accept,accept,0,true,model_accept_quality_ok
hybrid_0671,0.86,0.668,false,accept,accept,0,true,model_accept_quality_ok
hybrid_0672,0.87,0.676,false,accept,accept,0,true,model_accept_quality_ok
hybrid_0673,0.88,0.684,false,accept,accept,0,true,model_accept_quality_ok
hybrid_0674,0.89,0.692,false,accept,accept,0,true,model_accept_quality_ok
hybrid_0675,0.9,0.7,false,accept,accept,0,true,model_accept_quality_ok
hybrid_0676,0.91,0.708,false,accept,accept,0,true,model_accept_quality_ok
hybrid_0677,0.92,0.716,false,accept,accept,0,true,model_accept_quality_ok
hybrid_0678,0.93,0.724,false,accept,accept,0,true,model_accept_quality_ok
hybrid_0679,0.94,0.732,false,accept,accept,0,true,model_accept_quality_ok
hybrid_0680,0.55,0.74,false,reject,reject,0,false,model_reject
hybrid_0681,0.56,0.748,false,reject,reject,0,false,model_reject
hybrid_0682,0.57,0.756,false,reject,reject,0,false,model_reject
hybrid_0683,0.58,0.764,false,reject,reject,0,false,model_reject
hybrid_0684,0.59,0.772,false,reject,reject,0,false,model_reject
hybrid_0685,0.6,0.78,false,reject,reject,0,false,model_reject
hybrid_0686,0.61,0.788,false,reject,reject,0,false,model_reject
hybrid_0687,0.62,0.796,false,reject,reject,0,false,model_reject
hybrid_0688,0.63,0.804,false,reject,reject,0,false,model_reject
hybrid_0689,0.64,0.812,false,reject,reject,0,false,model_reject
hybrid_0690,0.65,0.82,false,reject,reject,0,false,model_reject
hybrid_0691,0.66,0.828,false,reject,reject,0,false,model_reject
hybrid_0692,0.67,0.836,false,reject,reject,0,false,model_reject
hybrid_0693,0.68,0.844,false,reject,reject,0,false,model_reject
hybrid_0694,0.69,0.852,false,reject,reject,0,false,model_reject
hybrid_0695,0.7,0.86,false,reject,reject,0,false,model_reject
hybrid_0696,0.71,0.868,false,accept,accept,0,true,model_accept_quality_ok
hybrid_0697,0.72,0.876,false,accept,accept,0,true,model_accept_quality_ok
hybrid_0698,0.73,0.884,false,accept,accept,0,true,model_accept_quality_ok
hybrid_0699,0.74,0.892,false,accept,accept,0,true,model_accept_quality_ok
hybrid_0700,0.75,0.5,false,accept,accept,0,true,model_accept_quality_ok
hybrid_0701,0.76,0.508,false,accept,accept,0,true,model_accept_quality_ok
hybrid_0702,0.77,0.516,false,accept,accept,0,true,model_accept_quality_ok
hybrid_0703,0.78,0.524,false,accept,accept,0,true,model_accept_quality_ok
hybrid_0704,0.79,0.532,false,accept,accept,0,true,model_accept_quality_ok
hybrid_0705,0.8,0.54,false,accept,accept,0,true,model_accept_quality_ok
hybrid_0706,0.81,0.548,false,accept,accept,0,true,model_accept_quality_ok
hybrid_0707,0.82,0.556,false,accept,accept,0,true,model_accept_quality_ok
hybrid_0708,0.83,0.564,false,accept,accept,0,true,model_accept_quality_ok
hybrid_0709,0.84,0.572,false,accept,accept,0,true,model_accept_quality_ok
hybrid_0710,0.85,0.58,false,accept,accept,0,true,model_accept_quality_ok
hybrid_0711,0.86,0.588,false,accept,accept,0,true,model_accept_quality_ok
hybrid_0712,0.87,0.596,false,accept,accept,0,true,model_accept_quality_ok
hybrid_0713,0.88,0.604,false,accept,accept,0,true,model_accept_quality_ok
hybrid_0714,0.89,0.612,false,accept,accept,0,true,model_accept_quality_ok
hybrid_0715,0.9,0.62,false,accept,accept,0,true,model_accept_quality_ok
hybrid_0716,0.91,0.628,false,accept,accept,0,true,model_accept_quality_ok
hybrid_0717,0.92,0.636,false,accept,accept,0,true,model_accept_quality_ok
hybrid_0718,0.93,0.644,false,accept,accept,0,true,model_accept_quality_ok
hybrid_0719,0.94,0.652,false,accept,accept,0,true,model_accept_quality_ok
hybrid_0720,0.55,0.66,false,reject,reject,0,false,model_reject
hybrid_0721,0.56,0.668,false,reject,reject,0,false,model_reject
hybrid_0722,0.57,0.676,false,reject,reject,0,false,model_reject
hybrid_0723,0.58,0.684,false,reject,reject,0,false,model_reject
hybrid_0724,0.59,0.692,false,reject,reject,0,false,model_reject
hybrid_0725,0.6,0.7,false,reject,reject,0,false,model_reject
hybrid_0726,0.61,0.708,false,reject,reject,0,false,model_reject
hybrid_0727,0.62,0.716,false,reject,reject,0,false,model_reject
hybrid_0728,0.63,0.724,false,reject,reject,0,false,model_reject
hybrid_0729,0.64,0.732,false,reject,reject,0,false,model_reject
hybrid_0730,0.65,0.74,false,reject,reject,0,false,model_reject
hybrid_0731,0.66,0.748,false,reject,reject,0,false,model_reject
hybrid_0732,0.67,0.756,false,reject,reject,0,false,model_reject
hybrid_0733,0.68,0.764,false,reject,reject,0,false,model_reject
hybrid_0734,0.69,0.772,false,reject,reject,0,false,model_reject
hybrid_0735,0.7,0.78,false,reject,reject,0,false,model_reject
hybrid_0736,0.71,0.788,false,accept,accept,0,true,model_accept_quality_ok
hybrid_0737,0.72,0.796,false,accept,accept,0,true,model_accept_quality_ok
hybrid_0738,0.73,0.804,false,accept,accept,0,true,model_accept_quality_ok
hybrid_0739,0.74,0.812,false,accept,accept,0,true,model_accept_quality_ok
hybrid_0740,0.75,0.82,false,accept,accept,0,true,model_accept_quality_ok
hybrid_0741,0.76,0.828,false,accept,accept,0,true,model_accept_quality_ok
hybrid_0742,0.77,0.836,false,accept,accept,0,true,model_accept_quality_ok
hybrid_0743,0.78,0.844,false,accept,accept,0,true,model_accept_quality_ok
hybrid_0744,0.79,0.852,false,accept,accept,0,true,model_accept_quality_ok
hybrid_0745,0.8,0.86,false,accept,accept,0,true,model_accept_quality_ok
hybrid_0746,0.81,0.868,false,accept,accept,0,true,model_accept_quality_ok
hybrid_0747,0.82,0.876,false,accept,accept,0,true,model_accept_quality_ok
hybrid_0748,0.83,0.884,false,accept,accept,0,true,model_accept_quality_ok
hybrid_0749,0.84,0.892,false,accept,accept,0,true,model_accept_quality_ok
hybrid_0750,0.85,0.5,false,accept,accept,0,true,model_accept_quality_ok
hybrid_0751,0.86,0.508,false,accept,accept,0,true,model_accept_quality_ok
hybrid_0752,0.87,0.516,false,accept,accept,0,true,model_accept_quality_ok
hybrid_0753,0.88,0.524,false,accept,accept,0,true,model_accept_quality_ok
hybrid_0754,0.89,0.532,false,accept,accept,0,true,model_accept_quality_ok
hybrid_0755,0.9,0.54,false,accept,accept,0,true,model_accept_quality_ok
hybrid_0756,0.91,0.548,false,accept,accept,0,true,model_accept_quality_ok
hybrid_0757,0.92,0.556,false,accept,accept,0,true,model_accept_quality_ok
hybrid_0758,0.93,0.564,false,accept,accept,0,true,model_accept_quality_ok
hybrid_0759,0.94,0.572,false,accept,accept,0,true,model_accept_quality_ok
hybrid_0760,0.55,0.58,false,reject,reject,0,false,model_reject
hybrid_0761,0.56,0.588,false,reject,reject,0,false,model_reject
hybrid_0762,0.57,0.596,false,reject,reject,0,false,model_reject
hybrid_0763,0.58,0.604,false,reject,reject,0,false,model_reject
hybrid_0764,0.59,0.612,false,reject,reject,0,false,model_reject
hybrid_0765,0.6,0.62,false,reject,reject,0,false,model_reject
hybrid_0766,0.61,0.628,false,reject,reject,0,false,model_reject
hybrid_0767,0.62,0.636,false,reject,reject,0,false,model_reject
hybrid_0768,0.63,0.644,false,reject,reject,0,false,model_reject
hybrid_0769,0.64,0.652,false,reject,reject,0,false,model_reject
hybrid_0770,0.65,0.66,false,reject,reject,0,false,model_reject
hybrid_0771,0.66,0.668,false,reject,reject,0,false,model_reject
hybrid_0772,0.67,0.676,false,reject,reject,0,false,model_reject
hybrid_0773,0.68,0.684,false,reject,reject,0,false,model_reject
hybrid_0774,0.69,0.692,false,reject,reject,0,false,model_reject
hybrid_0775,0.7,0.7,false,reject,reject,0,false,model_reject
hybrid_0776,0.71,0.708,false,accept,accept,0,true,model_accept_quality_ok
hybrid_0777,0.72,0.716,false,accept,accept,0,true,model_accept_quality_ok
hybrid_0778,0.73,0.724,false,accept,accept,0,true,model_accept_quality_ok
hybrid_0779,0.74,0.732,false,accept,accept,0,true,model_accept_quality_ok
hybrid_0780,0.75,0.74,false,accept,accept,0,true,model_accept_quality_ok
hybrid_0781,0.76,0.748,false,accept,accept,0,true,model_accept_quality_ok
hybrid_0782,0.77,0.756,false,accept,accept,0,true,model_accept_quality_ok
hybrid_0783,0.78,0.764,false,accept,accept,0,true,model_accept_quality_ok
hybrid_0784,0.79,0.772,false,accept,accept,0,true,model_accept_quality_ok
hybrid_0785,0.8,0.78,false,accept,accept,0,true,model_accept_quality_ok
hybrid_0786,0.81,0.788,false,accept,accept,0,true,model_accept_quality_ok
hybrid_0787,0.82,0.796,false,accept,accept,0,true,model_accept_quality_ok
hybrid_0788,0.83,0.804,false,accept,accept,0,true,model_accept_quality_ok
hybrid_0789,0.84,0.812,false,accept,accept,0,true,model_accept_quality_ok
hybrid_0790,0.85,0.82,false,accept,accept,0,true,model_accept_quality_ok
hybrid_0791,0.86,0.828,false,accept,accept,0,true,model_accept_quality_ok
hybrid_0792,0.87,0.836,false,accept,accept,0,true,model_accept_quality_ok
hybrid_0793,0.88,0.844,false,accept,accept,0,true,model_accept_quality_ok
hybrid_0794,0.89,0.852,false,accept,accept,0,true,model_accept_quality_ok
hybrid_0795,0.9,0.86,false,accept,accept,0,true,model_accept_quality_ok
hybrid_0796,0.91,0.868,false,accept,accept,0,true,model_accept_quality_ok
hybrid_0797,0.92,0.876,false,accept,accept,0,true,model_accept_quality_ok
hybrid_0798,0.93,0.884,false,accept,accept,0,true,model_accept_quality_ok
hybrid_0799,0.94,0.892,false,accept,accept,0,true,model_accept_quality_ok
hybrid_0800,0.55,0.5,false,reject,reject,0,false,model_reject
hybrid_0801,0.56,0.508,false,reject,reject,0,false,model_reject
hybrid_0802,0.57,0.516,false,reject,reject,0,false,model_reject
hybrid_0803,0.58,0.524,false,reject,reject,0,false,model_reject
hybrid_0804,0.59,0.532,false,reject,reject,0,false,model_reject
hybrid_0805,0.6,0.54,false,reject,reject,0,false,model_reject
hybrid_0806,0.61,0.548,false,reject,reject,0,false,model_reject
hybrid_0807,0.62,0.556,false,reject,reject,0,false,model_reject
hybrid_0808,0.63,0.564,false,reject,reject,0,false,model_reject
hybrid_0809,0.64,0.572,false,reject,reject,0,false,model_reject
hybrid_0810,0.65,0.58,false,reject,reject,0,false,model_reject
hybrid_0811,0.66,0.588,false,reject,reject,0,false,model_reject
hybrid_0812,0.67,0.596,false,reject,reject,0,false,model_reject
hybrid_0813,0.68,0.604,false,reject,reject,0,false,model_reject
hybrid_0814,0.69,0.612,false,reject,reject,0,false,model_reject
hybrid_0815,0.7,0.62,false,reject,reject,0,false,model_reject
hybrid_0816,0.71,0.628,false,accept,accept,0,true,model_accept_quality_ok
hybrid_0817,0.72,0.636,false,accept,accept,0,true,model_accept_quality_ok
hybrid_0818,0.73,0.644,false,accept,accept,0,true,model_accept_quality_ok
hybrid_0819,0.74,0.652,false,accept,accept,0,true,model_accept_quality_ok
hybrid_0820,0.75,0.66,false,accept,accept,0,true,model_accept_quality_ok
hybrid_0821,0.76,0.668,false,accept,accept,0,true,model_accept_quality_ok
hybrid_0822,0.77,0.676,false,accept,accept,0,true,model_accept_quality_ok
hybrid_0823,0.78,0.684,false,accept,accept,0,true,model_accept_quality_ok
hybrid_0824,0.79,0.692,false,accept,accept,0,true,model_accept_quality_ok
hybrid_0825,0.8,0.7,false,accept,accept,0,true,model_accept_quality_ok
hybrid_0826,0.81,0.708,false,accept,accept,0,true,model_accept_quality_ok
hybrid_0827,0.82,0.716,false,accept,accept,0,true,model_accept_quality_ok
hybrid_0828,0.83,0.724,false,accept,accept,0,true,model_accept_quality_ok
hybrid_0829,0.84,0.732,false,accept,accept,0,true,model_accept_quality_ok
hybrid_0830,0.85,0.74,false,accept,accept,0,true,model_accept_quality_ok
hybrid_0831,0.86,0.748,false,accept,accept,0,true,model_accept_quality_ok
hybrid_0832,0.87,0.756,false,accept,accept,0,true,model_accept_quality_ok
hybrid_0833,0.88,0.764,false,accept,accept,0,true,model_accept_quality_ok
hybrid_0834,0.89,0.772,false,accept,accept,0,true,model_accept_quality_ok
hybrid_0835,0.9,0.78,false,accept,accept,0,true,model_accept_quality_ok
hybrid_0836,0.91,0.788,false,accept,accept,0,true,model_accept_quality_ok
hybrid_0837,0.92,0.796,false,accept,accept,0,true,model_accept_quality_ok
hybrid_0838,0.93,0.804,false,accept,accept,0,true,model_accept_quality_ok
hybrid_0839,0.94,0.812,false,accept,accept,0,true,model_accept_quality_ok
hybrid_0840,0.55,0.82,false,reject,reject,0,false,model_reject
hybrid_0841,0.56,0.828,false,reject,reject,0,false,model_reject
hybrid_0842,0.57,0.836,false,reject,reject,0,false,model_reject
hybrid_0843,0.58,0.844,false,reject,reject,0,false,model_reject
hybrid_0844,0.59,0.852,false,reject,reject,0,false,model_reject
hybrid_0845,0.6,0.86,false,reject,reject,0,false,model_reject
hybrid_0846,0.61,0.868,false,reject,reject,0,false,model_reject
hybrid_0847,0.62,0.876,false,reject,reject,0,false,model_reject
hybrid_0848,0.63,0.884,false,reject,reject,0,false,model_reject
hybrid_0849,0.64,0.892,false,reject,reject,0,false,model_reject
hybrid_0850,0.65,0.5,false,reject,reject,0,false,model_reject
hybrid_0851,0.66,0.508,false,reject,reject,0,false,model_reject
hybrid_0852,0.67,0.516,false,reject,reject,0,false,model_reject
hybrid_0853,0.68,0.524,false,reject,reject,0,false,model_reject
hybrid_0854,0.69,0.532,false,reject,reject,0,false,model_reject
hybrid_0855,0.7,0.54,false,reject,reject,0,false,model_reject
hybrid_0856,0.71,0.548,false,accept,accept,0,true,model_accept_quality_ok
hybrid_0857,0.72,0.556,false,accept,accept,0,true,model_accept_quality_ok
hybrid_0858,0.73,0.564,false,accept,accept,0,true,model_accept_quality_ok
hybrid_0859,0.74,0.572,false,accept,accept,0,true,model_accept_quality_ok
hybrid_0860,0.75,0.58,false,accept,accept,0,true,model_accept_quality_ok
hybrid_0861,0.76,0.588,false,accept,accept,0,true,model_accept_quality_ok
hybrid_0862,0.77,0.596,false,accept,accept,0,true,model_accept_quality_ok
hybrid_0863,0.78,0.604,false,accept,accept,0,true,model_accept_quality_ok
hybrid_0864,0.79,0.612,false,accept,accept,0,true,model_accept_quality_ok
hybrid_0865,0.8,0.62,false,accept,accept,0,true,model_accept_quality_ok
hybrid_0866,0.81,0.628,false,accept,accept,0,true,model_accept_quality_ok
hybrid_0867,0.82,0.636,false,accept,accept,0,true,model_accept_quality_ok
hybrid_0868,0.83,0.644,false,accept,accept,0,true,model_accept_quality_ok
hybrid_0869,0.84,0.652,false,accept,accept,0,true,model_accept_quality_ok
hybrid_0870,0.85,0.66,false,accept,accept,0,true,model_accept_quality_ok
hybrid_0871,0.86,0.668,false,accept,accept,0,true,model_accept_quality_ok
hybrid_0872,0.87,0.676,false,accept,accept,0,true,model_accept_quality_ok
hybrid_0873,0.88,0.684,false,accept,accept,0,true,model_accept_quality_ok
hybrid_0874,0.89,0.692,false,accept,accept,0,true,model_accept_quality_ok
hybrid_0875,0.9,0.7,false,accept,accept,0,true,model_accept_quality_ok
hybrid_0876,0.91,0.708,false,accept,accept,0,true,model_accept_quality_ok
hybrid_0877,0.92,0.716,false,accept,accept,0,true,model_accept_quality_ok
hybrid_0878,0.93,0.724,false,accept,accept,0,true,model_accept_quality_ok
hybrid_0879,0.94,0.732,false,accept,accept,0,true,model_accept_quality_ok
hybrid_0880,0.55,0.74,false,reject,reject,0,false,model_reject
hybrid_0881,0.56,0.748,false,reject,reject,0,false,model_reject
hybrid_0882,0.57,0.756,false,reject,reject,0,false,model_reject
hybrid_0883,0.58,0.764,false,reject,reject,0,false,model_reject
hybrid_0884,0.59,0.772,false,reject,reject,0,false,model_reject
hybrid_0885,0.6,0.78,false,reject,reject,0,false,model_reject
hybrid_0886,0.61,0.788,false,reject,reject,0,false,model_reject
hybrid_0887,0.62,0.796,false,reject,reject,0,false,model_reject
hybrid_0888,0.63,0.804,false,reject,reject,0,false,model_reject
hybrid_0889,0.64,0.812,false,reject,reject,0,false,model_reject
hybrid_0890,0.65,0.82,false,reject,reject,0,false,model_reject
hybrid_0891,0.66,0.828,false,reject,reject,0,false,model_reject
hybrid_0892,0.67,0.836,false,reject,reject,0,false,model_reject
hybrid_0893,0.68,0.844,false,reject,reject,0,false,model_reject
hybrid_0894,0.69,0.852,false,reject,reject,0,false,model_reject
hybrid_0895,0.7,0.86,false,reject,reject,0,false,model_reject
hybrid_0896,0.71,0.868,false,accept,accept,0,true,model_accept_quality_ok
hybrid_0897,0.72,0.876,false,accept,accept,0,true,model_accept_quality_ok
hybrid_0898,0.73,0.884,false,accept,accept,0,true,model_accept_quality_ok
hybrid_0899,0.74,0.892,false,accept,accept,0,true,model_accept_quality_ok
hybrid_0900,0.75,0.5,false,accept,accept,0,true,model_accept_quality_ok
hybrid_0901,0.76,0.508,false,accept,accept,0,true,model_accept_quality_ok
hybrid_0902,0.77,0.516,false,accept,accept,0,true,model_accept_quality_ok
hybrid_0903,0.78,0.524,false,accept,accept,0,true,model_accept_quality_ok
hybrid_0904,0.79,0.532,false,accept,accept,0,true,model_accept_quality_ok
hybrid_0905,0.8,0.54,false,accept,accept,0,true,model_accept_quality_ok
hybrid_0906,0.81,0.548,false,accept,accept,0,true,model_accept_quality_ok
hybrid_0907,0.82,0.556,false,accept,accept,0,true,model_accept_quality_ok
hybrid_0908,0.83,0.564,false,accept,accept,0,true,model_accept_quality_ok
hybrid_0909,0.84,0.572,false,accept,accept,0,true,model_accept_quality_ok
hybrid_0910,0.85,0.58,false,accept,accept,0,true,model_accept_quality_ok
hybrid_0911,0.86,0.588,false,accept,accept,0,true,model_accept_quality_ok
hybrid_0912,0.87,0.596,false,accept,accept,0,true,model_accept_quality_ok
hybrid_0913,0.88,0.604,false,accept,accept,0,true,model_accept_quality_ok
hybrid_0914,0.89,0.612,false,accept,accept,0,true,model_accept_quality_ok
hybrid_0915,0.9,0.62,false,accept,accept,0,true,model_accept_quality_ok
hybrid_0916,0.91,0.628,false,accept,accept,0,true,model_accept_quality_ok
hybrid_0917,0.92,0.636,false,accept,accept,0,true,model_accept_quality_ok
hybrid_0918,0.93,0.644,false,accept,accept,0,true,model_accept_quality_ok
hybrid_0919,0.94,0.652,false,accept,accept,0,true,model_accept_quality_ok
hybrid_0920,0.55,0.66,false,reject,reject,0,false,model_reject
hybrid_0921,0.56,0.668,false,reject,reject,0,false,model_reject
hybrid_0922,0.57,0.676,false,reject,reject,0,false,model_reject
hybrid_0923,0.58,0.684,false,reject,reject,0,false,model_reject
hybrid_0924,0.59,0.692,false,reject,reject,0,false,model_reject
hybrid_0925,0.6,0.7,false,reject,reject,0,false,model_reject
hybrid_0926,0.61,0.708,false,reject,reject,0,false,model_reject
hybrid_0927,0.62,0.716,false,reject,reject,0,false,model_reject
hybrid_0928,0.63,0.724,false,reject,reject,0,false,model_reject
hybrid_0929,0.64,0.732,false,reject,reject,0,false,model_reject
hybrid_0930,0.65,0.74,false,reject,reject,0,false,model_reject
hybrid_0931,0.66,0.748,false,reject,reject,0,false,model_reject
hybrid_0932,0.67,0.756,false,reject,reject,0,false,model_reject
hybrid_0933,0.68,0.764,false,reject,reject,0,false,model_reject
hybrid_0934,0.69,0.772,false,reject,reject,0,false,model_reject
hybrid_0935,0.7,0.78,false,reject,reject,0,false,model_reject
hybrid_0936,0.71,0.788,false,accept,accept,0,true,model_accept_quality_ok
hybrid_0937,0.72,0.796,false,accept,accept,0,true,model_accept_quality_ok
hybrid_0938,0.73,0.804,false,accept,accept,0,true,model_accept_quality_ok
hybrid_0939,0.74,0.812,false,accept,accept,0,true,model_accept_quality_ok
hybrid_0940,0.75,0.82,false,accept,accept,0,true,model_accept_quality_ok
hybrid_0941,0.76,0.828,false,accept,accept,0,true,model_accept_quality_ok
hybrid_0942,0.77,0.836,false,accept,accept,0,true,model_accept_quality_ok
hybrid_0943,0.78,0.844,false,accept,accept,0,true,model_accept_quality_ok
hybrid_0944,0.79,0.852,false,accept,accept,0,true,model_accept_quality_ok
hybrid_0945,0.8,0.86,false,accept,accept,0,true,model_accept_quality_ok
hybrid_0946,0.81,0.868,false,accept,accept,0,true,model_accept_quality_ok
hybrid_0947,0.82,0.876,false,accept,accept,0,true,model_accept_quality_ok
hybrid_0948,0.83,0.884,false,accept,accept,0,true,model_accept_quality_ok
hybrid_0949,0.84,0.892,false,accept,accept,0,true,model_accept_quality_ok
hybrid_0950,0.85,0.5,false,accept,accept,0,true,model_accept_quality_ok
hybrid_0951,0.86,0.508,false,accept,accept,0,true,model_accept_quality_ok
hybrid_0952,0.87,0.516,false,accept,accept,0,true,model_accept_quality_ok
hybrid_0953,0.88,0.524,false,accept,accept,0,true,model_accept_quality_ok
hybrid_0954,0.89,0.532,false,accept,accept,0,true,model_accept_quality_ok
hybrid_0955,0.9,0.54,false,accept,accept,0,true,model_accept_quality_ok
hybrid_0956,0.91,0.548,false,accept,accept,0,true,model_accept_quality_ok
hybrid_0957,0.92,0.556,false,accept,accept,0,true,model_accept_quality_ok
hybrid_0958,0.93,0.564,false,accept,accept,0,true,model_accept_quality_ok
hybrid_0959,0.94,0.572,false,accept,accept,0,true,model_accept_quality_ok
hybrid_0960,0.55,0.58,false,reject,reject,0,false,model_reject
hybrid_0961,0.56,0.588,false,reject,reject,0,false,model_reject
hybrid_0962,0.57,0.596,false,reject,reject,0,false,model_reject
hybrid_0963,0.58,0.604,false,reject,reject,0,false,model_reject
hybrid_0964,0.59,0.612,false,reject,reject,0,false,model_reject
hybrid_0965,0.6,0.62,false,reject,reject,0,false,model_reject
hybrid_0966,0.61,0.628,false,reject,reject,0,false,model_reject
hybrid_0967,0.62,0.636,false,reject,reject,0,false,model_reject
hybrid_0968,0.63,0.644,false,reject,reject,0,false,model_reject
hybrid_0969,0.64,0.652,false,reject,reject,0,false,model_reject
hybrid_0970,0.65,0.66,false,reject,reject,0,false,model_reject
hybrid_0971,0.66,0.668,false,reject,reject,0,false,model_reject
hybrid_0972,0.67,0.676,false,reject,reject,0,false,model_reject
hybrid_0973,0.68,0.684,false,reject,reject,0,false,model_reject
hybrid_0974,0.69,0.692,false,reject,reject,0,false,model_reject
hybrid_0975,0.7,0.7,false,reject,reject,0,false,model_reject
hybrid_0976,0.71,0.708,false,accept,accept,0,true,model_accept_quality_ok
hybrid_0977,0.72,0.716,false,accept,accept,0,true,model_accept_quality_ok
hybrid_0978,0.73,0.724,false,accept,accept,0,true,model_accept_quality_ok
hybrid_0979,0.74,0.732,false,accept,accept,0,true,model_accept_quality_ok
hybrid_0980,0.75,0.74,false,accept,accept,0,true,model_accept_quality_ok
hybrid_0981,0.76,0.748,false,accept,accept,0,true,model_accept_quality_ok
hybrid_0982,0.77,0.756,false,accept,accept,0,true,model_accept_quality_ok
hybrid_0983,0.78,0.764,false,accept,accept,0,true,model_accept_quality_ok
hybrid_0984,0.79,0.772,false,accept,accept,0,true,model_accept_quality_ok
hybrid_0985,0.8,0.78,false,accept,accept,0,true,model_accept_quality_ok
hybrid_0986,0.81,0.788,false,accept,accept,0,true,model_accept_quality_ok
hybrid_0987,0.82,0.796,false,accept,accept,0,true,model_accept_quality_ok
hybrid_0988,0.83,0.804,false,accept,accept,0,true,model_accept_quality_ok
hybrid_0989,0.84,0.812,false,accept,accept,0,true,model_accept_quality_ok
hybrid_0990,0.85,0.82,false,accept,accept,0,true,model_accept_quality_ok
hybrid_0991,0.86,0.828,false,accept,accept,0,true,model_accept_quality_ok
hybrid_0992,0.87,0.836,false,accept,accept,0,true,model_accept_quality_ok
hybrid_0993,0.88,0.844,false,accept,accept,0,true,model_accept_quality_ok
hybrid_0994,0.89,0.852,false,accept,accept,0,true,model_accept_quality_ok
hybrid_0995,0.9,0.86,false,accept,accept,0,true,model_accept_quality_ok
hybrid_0996,0.91,0.868,false,accept,accept,0,true,model_accept_quality_ok
hybrid_0997,0.92,0.876,false,accept,accept,0,true,model_accept_quality_ok
hybrid_0998,0.93,0.884,false,accept,accept,0,true,model_accept_quality_ok
hybrid_0999,0.94,0.892,false,accept,accept,0,true,model_accept_quality_ok
